PRICES;PRICES;giá;697
PRICES;PRICES;cả;451
PRICES;PRICES;vụ;338
PRICES;PRICES;hợp;334
PRICES;PRICES;phòng;320
COMFORT;COMFORT;phòng;657
COMFORT;COMFORT;lòng;624
COMFORT;COMFORT;hài;612
COMFORT;COMFORT;khách;552
COMFORT;COMFORT;không;504
GENERAL;GENERAL;khách;2882
GENERAL;GENERAL;phòng;2750
GENERAL;GENERAL;vụ;2296
GENERAL;GENERAL;sạn;2185
GENERAL;GENERAL;nhân;2101
QUALITY;QUALITY;phòng;608
QUALITY;QUALITY;khách;454
QUALITY;QUALITY;chất;452
QUALITY;QUALITY;lượng;417
QUALITY;QUALITY;không;406
CLEANLINESS;CLEANLINESS;phòng;1402
CLEANLINESS;CLEANLINESS;sạch;1097
CLEANLINESS;CLEANLINESS;tiện;580
CLEANLINESS;CLEANLINESS;ốc;557
CLEANLINESS;CLEANLINESS;sinh;529
MISCELLANEOUS;MISCELLANEOUS;không;207
MISCELLANEOUS;MISCELLANEOUS;phòng;170
MISCELLANEOUS;MISCELLANEOUS;khách;145
MISCELLANEOUS;MISCELLANEOUS;sạn;90
MISCELLANEOUS;MISCELLANEOUS;nước;84
STYLE&OPTIONS;STYLE&OPTIONS;sáng;225
STYLE&OPTIONS;STYLE&OPTIONS;ăn;188
STYLE&OPTIONS;STYLE&OPTIONS;món;150
STYLE&OPTIONS;STYLE&OPTIONS;bữa;115
STYLE&OPTIONS;STYLE&OPTIONS;không;101
DESIGN&FEATURES;DESIGN&FEATURES;phòng;786
DESIGN&FEATURES;DESIGN&FEATURES;không;400
DESIGN&FEATURES;DESIGN&FEATURES;khách;303
DESIGN&FEATURES;DESIGN&FEATURES;đẹp;302
DESIGN&FEATURES;DESIGN&FEATURES;sạch;264
