PRICES;PRICES;giá;602
PRICES;PRICES;cả;411
PRICES;PRICES;hợp;320
PRICES;PRICES;vụ;312
PRICES;PRICES;phòng;271
COMFORT;COMFORT;lòng;541
COMFORT;COMFORT;hài;530
COMFORT;COMFORT;khách;440
COMFORT;COMFORT;phòng;436
COMFORT;COMFORT;sạn;382
GENERAL;GENERAL;khách;2426
GENERAL;GENERAL;phòng;2249
GENERAL;GENERAL;vụ;2024
GENERAL;GENERAL;nhân;1848
GENERAL;GENERAL;sạn;1827
QUALITY;QUALITY;phòng;332
QUALITY;QUALITY;chất;326
QUALITY;QUALITY;lượng;312
QUALITY;QUALITY;khách;269
QUALITY;QUALITY;sạn;235
CLEANLINESS;CLEANLINESS;phòng;1186
CLEANLINESS;CLEANLINESS;sạch;997
CLEANLINESS;CLEANLINESS;tiện;552
CLEANLINESS;CLEANLINESS;ốc;498
CLEANLINESS;CLEANLINESS;nghi;482
MISCELLANEOUS;MISCELLANEOUS;khách;26
MISCELLANEOUS;MISCELLANEOUS;sạn;20
MISCELLANEOUS;MISCELLANEOUS;phòng;17
MISCELLANEOUS;MISCELLANEOUS;không;11
MISCELLANEOUS;MISCELLANEOUS;ăn;10
STYLE&OPTIONS;STYLE&OPTIONS;sáng;93
STYLE&OPTIONS;STYLE&OPTIONS;ăn;78
STYLE&OPTIONS;STYLE&OPTIONS;bữa;52
STYLE&OPTIONS;STYLE&OPTIONS;món;51
STYLE&OPTIONS;STYLE&OPTIONS;ngon;41
DESIGN&FEATURES;DESIGN&FEATURES;phòng;530
DESIGN&FEATURES;DESIGN&FEATURES;đẹp;266
DESIGN&FEATURES;DESIGN&FEATURES;sạch;234
DESIGN&FEATURES;DESIGN&FEATURES;không;228
DESIGN&FEATURES;DESIGN&FEATURES;khách;224
