PRICES;PRICES;giá;56
PRICES;PRICES;không;47
PRICES;PRICES;phòng;30
PRICES;PRICES;tiền;23
PRICES;PRICES;khách;21
COMFORT;COMFORT;phòng;216
COMFORT;COMFORT;không;197
COMFORT;COMFORT;khách;107
COMFORT;COMFORT;sạn;81
COMFORT;COMFORT;lòng;71
GENERAL;GENERAL;không;371
GENERAL;GENERAL;phòng;338
GENERAL;GENERAL;khách;274
GENERAL;GENERAL;sạn;199
GENERAL;GENERAL;nhân;150
QUALITY;QUALITY;không;276
QUALITY;QUALITY;phòng;246
QUALITY;QUALITY;cũ;158
QUALITY;QUALITY;khách;144
QUALITY;QUALITY;sạn;119
CLEANLINESS;CLEANLINESS;phòng;203
CLEANLINESS;CLEANLINESS;không;171
CLEANLINESS;CLEANLINESS;sạch;96
CLEANLINESS;CLEANLINESS;sinh;76
CLEANLINESS;CLEANLINESS;vệ;73
MISCELLANEOUS;MISCELLANEOUS;không;187
MISCELLANEOUS;MISCELLANEOUS;phòng;145
MISCELLANEOUS;MISCELLANEOUS;khách;110
MISCELLANEOUS;MISCELLANEOUS;nước;78
MISCELLANEOUS;MISCELLANEOUS;sạn;67
STYLE&OPTIONS;STYLE&OPTIONS;sáng;122
STYLE&OPTIONS;STYLE&OPTIONS;ăn;100
STYLE&OPTIONS;STYLE&OPTIONS;món;95
STYLE&OPTIONS;STYLE&OPTIONS;không;88
STYLE&OPTIONS;STYLE&OPTIONS;bữa;61
DESIGN&FEATURES;DESIGN&FEATURES;phòng;245
DESIGN&FEATURES;DESIGN&FEATURES;không;161
DESIGN&FEATURES;DESIGN&FEATURES;nhỏ;83
DESIGN&FEATURES;DESIGN&FEATURES;khách;70
DESIGN&FEATURES;DESIGN&FEATURES;sạn;58
